[{"Sepal.Length":5.1,"Sepal.Width":3.5,"Petal.Length":1.4,"Petal.Width":0.2,"Species":"setosa"},{"Sepal.Length":4.9,"Sepal.Width":3,"Petal.Length":1.4,"Petal.Width":0.2,"Species":"setosa"},{"Sepal.Length":4.7,"Sepal.Width":3.2,"Petal.Length":1.3,"Petal.Width":0.2,"Species":"setosa"},{"Sepal.Length":4.6,"Sepal.Width":3.1,"Petal.Length":1.5,"Petal.Width":0.2,"Species":"setosa"},{"Sepal.Length":5,"Sepal.Width":3.6,"Petal.Length":1.4,"Petal.Width":0.2,"Species":"setosa"},{"Sepal.Length":5.4,"Sepal.Width":3.9,"Petal.Length":1.7,"Petal.Width":0.4,"Species":"setosa"},{"Sepal.Length":4.6,"Sepal.Width":3.4,"Petal.Length":1.4,"Petal.Width":0.3,"Species":"setosa"},{"Sepal.Length":5,"Sepal.Width":3.4,"Petal.Length":1.5,"Petal.Width":0.2,"Species":"setosa"},{"Sepal.Length":4.4,"Sepal.Width":2.9,"Petal.Length":1.4,"Petal.Width":0.2,"Species":"setosa"},{"Sepal.Length":4.9,"Sepal.Width":3.1,"Petal.Length":1.5,"Petal.Width":0.1,"Species":"setosa"},{"Sepal.Length":5.4,"Sepal.Width":3.7,"Petal.Length":1.5,"Petal.Width":0.2,"Species":"setosa"},{"Sepal.Length":4.8,"Sepal.Width":3.4,"Petal.Length":1.6,"Petal.Width":0.2,"Species":"setosa"},{"Sepal.Length":4.8,"Sepal.Width":3,"Petal.Length":1.4,"Petal.Width":0.1,"Species":"setosa"},{"Sepal.Length":4.3,"Sepal.Width":3,"Petal.Length":1.1,"Petal.Width":0.1,"Species":"setosa"},{"Sepal.Length":5.8,"Sepal.Width":4,"Petal.Length":1.2,"Petal.Width":0.2,"Species":"setosa"},{"Sepal.Length":5.7,"Sepal.Width":4.4,"Petal.Length":1.5,"Petal.Width":0.4,"Species":"setosa"},{"Sepal.Length":5.4,"Sepal.Width":3.9,"Petal.Length":1.3,"Petal.Width":0.4,"Species":"setosa"},{"Sepal.Length":5.1,"Sepal.Width":3.5,"Petal.Length":1.4,"Petal.Width":0.3,"Species":"setosa"},{"Sepal.Length":5.7,"Sepal.Width":3.8,"Petal.Length":1.7,"Petal.Width":0.3,"Species":"setosa"},{"Sepal.Length":5.1,"Sepal.Width":3.8,"Petal.Length":1.5,"Petal.Width":0.3,"Species":"setosa"},{"Sepal.Length":5.4,"Sepal.Width":3.4,"Petal.Length":1.7,"Petal.Width":0.2,"Species":"setosa"},{"Sepal.Length":5.1,"Sepal.Width":3.7,"Petal.Length":1.5,"Petal.Width":0.4,"Species":"setosa"},{"Sepal.Length":4.6,"Sepal.Width":3.6,"Petal.Length":1,"Petal.Width":0.2,"Species":"setosa"},{"Sepal.Length":5.1,"Sepal.Width":3.3,"Petal.Length":1.7,"Petal.Width":0.5,"Species":"setosa"},{"Sepal.Length":4.8,"Sepal.Width":3.4,"Petal.Length":1.9,"Petal.Width":0.2,"Species":"setosa"},{"Sepal.Length":5,"Sepal.Width":3,"Petal.Length":1.6,"Petal.Width":0.2,"Species":"setosa"},{"Sepal.Length":5,"Sepal.Width":3.4,"Petal.Length":1.6,"Petal.Width":0.4,"Species":"setosa"},{"Sepal.Length":5.2,"Sepal.Width":3.5,"Petal.Length":1.5,"Petal.Width":0.2,"Species":"setosa"},{"Sepal.Length":5.2,"Sepal.Width":3.4,"Petal.Length":1.4,"Petal.Width":0.2,"Species":"setosa"},{"Sepal.Length":4.7,"Sepal.Width":3.2,"Petal.Length":1.6,"Petal.Width":0.2,"Species":"setosa"},{"Sepal.Length":4.8,"Sepal.Width":3.1,"Petal.Length":1.6,"Petal.Width":0.2,"Species":"setosa"},{"Sepal.Length":5.4,"Sepal.Width":3.4,"Petal.Length":1.5,"Petal.Width":0.4,"Species":"setosa"},{"Sepal.Length":5.2,"Sepal.Width":4.1,"Petal.Length":1.5,"Petal.Width":0.1,"Species":"setosa"},{"Sepal.Length":5.5,"Sepal.Width":4.2,"Petal.Length":1.4,"Petal.Width":0.2,"Species":"setosa"},{"Sepal.Length":4.9,"Sepal.Width":3.1,"Petal.Length":1.5,"Petal.Width":0.2,"Species":"setosa"},{"Sepal.Length":5,"Sepal.Width":3.2,"Petal.Length":1.2,"Petal.Width":0.2,"Species":"setosa"},{"Sepal.Length":5.5,"Sepal.Width":3.5,"Petal.Length":1.3,"Petal.Width":0.2,"Species":"setosa"},{"Sepal.Length":4.9,"Sepal.Width":3.6,"Petal.Length":1.4,"Petal.Width":0.1,"Species":"setosa"},{"Sepal.Length":4.4,"Sepal.Width":3,"Petal.Length":1.3,"Petal.Width":0.2,"Species":"setosa"},{"Sepal.Length":5.1,"Sepal.Width":3.4,"Petal.Length":1.5,"Petal.Width":0.2,"Species":"setosa"},{"Sepal.Length":5,"Sepal.Width":3.5,"Petal.Length":1.3,"Petal.Width":0.3,"Species":"setosa"},{"Sepal.Length":4.5,"Sepal.Width":2.3,"Petal.Length":1.3,"Petal.Width":0.3,"Species":"setosa"},{"Sepal.Length":4.4,"Sepal.Width":3.2,"Petal.Length":1.3,"Petal.Width":0.2,"Species":"setosa"},{"Sepal.Length":5,"Sepal.Width":3.5,"Petal.Length":1.6,"Petal.Width":0.6,"Species":"setosa"},{"Sepal.Length":5.1,"Sepal.Width":3.8,"Petal.Length":1.9,"Petal.Width":0.4,"Species":"setosa"},{"Sepal.Length":4.8,"Sepal.Width":3,"Petal.Length":1.4,"Petal.Width":0.3,"Species":"setosa"},{"Sepal.Length":5.1,"Sepal.Width":3.8,"Petal.Length":1.6,"Petal.Width":0.2,"Species":"setosa"},{"Sepal.Length":4.6,"Sepal.Width":3.2,"Petal.Length":1.4,"Petal.Width":0.2,"Species":"setosa"},{"Sepal.Length":5.3,"Sepal.Width":3.7,"Petal.Length":1.5,"Petal.Width":0.2,"Species":"setosa"},{"Sepal.Length":5,"Sepal.Width":3.3,"Petal.Length":1.4,"Petal.Width":0.2,"Species":"setosa"}]
